Ref,Val,Package,PosX,PosY,Rot,Side
"D1","LED","LED_0805_2012Metric_Pad1.15x1.40mm_HandSolder",41.397500,49.492324,60.000000,top
"D2","LED","LED_0805_2012Metric_Pad1.15x1.40mm_HandSolder",49.480000,41.360000,30.000000,top
"D3","LED","LED_0805_2012Metric_Pad1.15x1.40mm_HandSolder",52.590000,30.050000,0.000000,top
"D4","LED","LED_0805_2012Metric_Pad1.15x1.40mm_HandSolder",49.552324,18.862500,330.000000,top
"D5","LED","LED_0805_2012Metric_Pad1.15x1.40mm_HandSolder",41.357500,10.697676,300.000000,top
"D6","LED","LED_0805_2012Metric_Pad1.15x1.40mm_HandSolder",30.110000,7.630000,270.000000,top
"D7","LED","LED_0805_2012Metric_Pad1.15x1.40mm_HandSolder",18.832500,10.627676,240.000000,top
"D8","LED","LED_0805_2012Metric_Pad1.15x1.40mm_HandSolder",10.637676,18.822500,210.000000,top
"D9","LED","LED_0805_2012Metric_Pad1.15x1.40mm_HandSolder",7.615000,30.080000,180.000000,top
"D10","LED","LED_0805_2012Metric_Pad1.15x1.40mm_HandSolder",10.627676,41.307500,150.000000,top
"D11","LED","LED_0805_2012Metric_Pad1.15x1.40mm_HandSolder",18.960000,49.630000,120.000000,top
"D12","LED","LED_0805_2012Metric_Pad1.15x1.40mm_HandSolder",30.140000,52.595000,90.000000,top
